{
  "admission_method": {
    "precision": 0.0,
    "recall": 0.0,
    "f1-score": 0.0,
    "support": 6,
    "confused_with": {}
  },
  "nganh_hoc": {
    "precision": 0.8734177215189873,
    "recall": 0.4791666666666667,
    "f1-score": 0.6188340807174888,
    "support": 144,
    "confused_with": {}
  },
  "micro avg": {
    "precision": 0.8734177215189873,
    "recall": 0.46,
    "f1-score": 0.6026200873362445,
    "support": 150
  },
  "macro avg": {
    "precision": 0.43670886075949367,
    "recall": 0.23958333333333334,
    "f1-score": 0.3094170403587444,
    "support": 150
  },
  "weighted avg": {
    "precision": 0.8384810126582278,
    "recall": 0.46,
    "f1-score": 0.5940807174887893,
    "support": 150
  },
  "accuracy": 0.9409474367293965
}