{
  "chon_ptxt_ielts": {
    "precision": 1.0,
    "recall": 0.7272727272727273,
    "f1-score": 0.8421052631578948,
    "support": 11,
    "confused_with": {
      "chon_ptxt_thptqg": 2,
      "hoi_diem_chuan_nganh": 1
    }
  },
  "chon_ptxt_hsa": {
    "precision": 1.0,
    "recall": 0.5454545454545454,
    "f1-score": 0.7058823529411764,
    "support": 11,
    "confused_with": {
      "chon_ptxt_thptqg": 4,
      "hoi_hoc_phi": 1
    }
  },
  "greet": {
    "precision": 0.7222222222222222,
    "recall": 0.9285714285714286,
    "f1-score": 0.8125000000000001,
    "support": 14,
    "confused_with": {
      "chon_ptxt_tuyen_thang": 1
    }
  },
  "chon_ptxt_tuyen_thang": {
    "precision": 0.7692307692307693,
    "recall": 0.8333333333333334,
    "f1-score": 0.8,
    "support": 12,
    "confused_with": {
      "greet": 1,
      "cancel": 1
    }
  },
  "chon_ptxt_thptqg": {
    "precision": 0.6190476190476191,
    "recall": 1.0,
    "f1-score": 0.7647058823529412,
    "support": 13,
    "confused_with": {}
  },
  "hoi_hoc_phi": {
    "precision": 0.75,
    "recall": 0.4,
    "f1-score": 0.5217391304347827,
    "support": 15,
    "confused_with": {
      "hoi_hoc_phi_theo_nganh": 9
    }
  },
  "hoi_diem_chuan_nganh": {
    "precision": 0.8928571428571429,
    "recall": 1.0,
    "f1-score": 0.9433962264150945,
    "support": 25,
    "confused_with": {}
  },
  "hoi_thong_tin_nganh": {
    "precision": 0.9047619047619048,
    "recall": 0.8636363636363636,
    "f1-score": 0.8837209302325582,
    "support": 22,
    "confused_with": {
      "hoi_diem_chuan_nganh": 2,
      "hoi_hoc_phi": 1
    }
  },
  "hoi_hoc_phi_theo_nganh": {
    "precision": 0.7,
    "recall": 0.9545454545454546,
    "f1-score": 0.8076923076923077,
    "support": 22,
    "confused_with": {
      "hoi_thong_tin_nganh": 1
    }
  },
  "cancel": {
    "precision": 0.9,
    "recall": 0.8181818181818182,
    "f1-score": 0.8571428571428572,
    "support": 11,
    "confused_with": {
      "hoi_thong_tin_nganh": 1,
      "greet": 1
    }
  },
  "inform": {
    "precision": 1.0,
    "recall": 0.9333333333333333,
    "f1-score": 0.9655172413793104,
    "support": 30,
    "confused_with": {
      "greet": 2
    }
  },
  "dang_ky_nguyen_vong": {
    "precision": 1.0,
    "recall": 0.6875,
    "f1-score": 0.8148148148148148,
    "support": 16,
    "confused_with": {
      "chon_ptxt_tuyen_thang": 2,
      "chon_ptxt_thptqg": 2
    }
  },
  "accuracy": 0.8366336633663366,
  "macro avg": {
    "precision": 0.854843304843305,
    "recall": 0.8076524170274171,
    "f1-score": 0.809934750546978,
    "support": 202
  },
  "weighted avg": {
    "precision": 0.8622063854737122,
    "recall": 0.8366336633663366,
    "f1-score": 0.8316695534946137,
    "support": 202
  },
  "micro avg": {
    "precision": 0.8366336633663366,
    "recall": 0.8366336633663366,
    "f1-score": 0.8366336633663366,
    "support": 202
  }
}